<?xml version="1.0" encoding="UTF-8"?>
<metadata xml:lang="zh"><Esri><CreaDate>20200815</CreaDate><CreaTime>05301500</CreaTime><ArcGISFormat>1.0</ArcGISFormat><SyncOnce>TRUE</SyncOnce><DataProperties><itemProps><itemLocation><linkage Sync="TRUE">file://\\DESKTOP-MSAEC4L\C$\jingjingdata\new paper data\clipnewdata\NDVI.tif</linkage><protocol Sync="TRUE">Local Area Network</protocol></itemLocation></itemProps><copyHistory><copy source="C:\jingjingdata\paper data\clipnew\NDVI.tif" dest="\\DESKTOP-MSAEC4L\C$\jingjingdata\new paper data\clipnewdata\NDVI.tif" date="20200815" time="05301500"></copy></copyHistory></DataProperties></Esri></metadata>
